{
  "amounts.1": {
    "precision": 0.5510603098210257,
    "recall": 0.9516883116883117,
    "f1-score": 0.6979712353557482,
    "support": 3850,
    "confused_with": {
      "amounts.2": 167,
      "amounts.3": 19
    }
  },
  "pizza_types.3": {
    "precision": 0.4069767441860465,
    "recall": 0.23026315789473684,
    "f1-score": 0.29411764705882354,
    "support": 1064,
    "confused_with": {
      "pizza_types.2": 413,
      "pizza_types.1": 335
    }
  },
  "other_item_types.3": {
    "precision": 0.42718446601941745,
    "recall": 0.10986267166042447,
    "f1-score": 0.17477656405163855,
    "support": 2403,
    "confused_with": {
      "other_item_types.2": 1123,
      "other_item_types.1": 951
    }
  },
  "pizza_sizes.1": {
    "precision": 0.5655365256903181,
    "recall": 0.889010989010989,
    "f1-score": 0.6913052766502883,
    "support": 1820,
    "confused_with": {
      "pizza_sizes.2": 175,
      "amounts.1": 22
    }
  },
  "other_item_types.4": {
    "precision": 0.7005988023952096,
    "recall": 0.0948905109489051,
    "f1-score": 0.16714285714285715,
    "support": 1233,
    "confused_with": {
      "other_item_types.2": 564,
      "other_item_types.1": 396,
      "other_item_types.3": 151
    }
  },
  "pizza_sizes.3": {
    "precision": 0.411522633744856,
    "recall": 0.10559662090813093,
    "f1-score": 0.1680672268907563,
    "support": 947,
    "confused_with": {
      "pizza_sizes.2": 492,
      "pizza_sizes.1": 337
    }
  },
  "amounts.3": {
    "precision": 0.38704028021015763,
    "recall": 0.11403508771929824,
    "f1-score": 0.1761658031088083,
    "support": 1938,
    "confused_with": {
      "amounts.2": 977,
      "amounts.1": 736
    }
  },
  "pizza_types.2": {
    "precision": 0.3993243243243243,
    "recall": 0.3721662468513854,
    "f1-score": 0.3852672750977836,
    "support": 1588,
    "confused_with": {
      "pizza_types.1": 770,
      "pizza_types.3": 170
    }
  },
  "pizza_sizes.4": {
    "precision": 0.0,
    "recall": 0.0,
    "f1-score": 0.0,
    "support": 421,
    "confused_with": {
      "pizza_sizes.2": 194,
      "pizza_sizes.3": 112,
      "pizza_sizes.1": 108
    }
  },
  "allergies": {
    "precision": 1.0,
    "recall": 1.0,
    "f1-score": 1.0,
    "support": 6,
    "confused_with": {}
  },
  "amounts": {
    "precision": 0.536144578313253,
    "recall": 0.8240740740740741,
    "f1-score": 0.6496350364963503,
    "support": 108,
    "confused_with": {
      "amounts.1": 4
    }
  },
  "other_item_types.2": {
    "precision": 0.3765831691528286,
    "recall": 0.37104825291181365,
    "f1-score": 0.3737952227964799,
    "support": 3606,
    "confused_with": {
      "other_item_types.1": 2093,
      "other_item_types.3": 103
    }
  },
  "pizza_sizes.2": {
    "precision": 0.38979447200566975,
    "recall": 0.3965392934390771,
    "f1-score": 0.39313795568263044,
    "support": 1387,
    "confused_with": {
      "pizza_sizes.1": 798,
      "pizza_sizes.3": 25
    }
  },
  "pizza_types.4": {
    "precision": 0.631578947368421,
    "recall": 0.1448692152917505,
    "f1-score": 0.23567921440261866,
    "support": 497,
    "confused_with": {
      "pizza_types.2": 175,
      "pizza_types.1": 126,
      "pizza_types.3": 100
    }
  },
  "address": {
    "precision": 0.9815950920245399,
    "recall": 0.6286836935166994,
    "f1-score": 0.7664670658682635,
    "support": 509,
    "confused_with": {
      "amounts": 63
    }
  },
  "other_item_types.1": {
    "precision": 0.5121681415929203,
    "recall": 0.8617961842717543,
    "f1-score": 0.6424978317432783,
    "support": 4298,
    "confused_with": {
      "other_item_types.2": 494,
      "pizza_types.1": 52
    }
  },
  "amounts.2": {
    "precision": 0.39219474497681606,
    "recall": 0.3394648829431438,
    "f1-score": 0.36392972391538186,
    "support": 2990,
    "confused_with": {
      "amounts.1": 1906,
      "amounts.3": 65
    }
  },
  "pizza_types.1": {
    "precision": 0.5674157303370787,
    "recall": 0.8203535594839942,
    "f1-score": 0.6708341472943934,
    "support": 2093,
    "confused_with": {
      "pizza_types.2": 241,
      "other_item_types.1": 77
    }
  },
  "amounts.4": {
    "precision": 0.5555555555555556,
    "recall": 0.01016260162601626,
    "f1-score": 0.01996007984031936,
    "support": 984,
    "confused_with": {
      "amounts.2": 424,
      "amounts.1": 286,
      "amounts.3": 264
    }
  },
  "micro avg": {
    "precision": 0.49445199633294346,
    "recall": 0.49275407976813057,
    "f1-score": 0.49360157790927023,
    "support": 31742
  },
  "macro avg": {
    "precision": 0.515382869353602,
    "recall": 0.43497396601265814,
    "f1-score": 0.41425000859981154,
    "support": 31742
  },
  "weighted avg": {
    "precision": 0.47673210222722395,
    "recall": 0.49275407976813057,
    "f1-score": 0.4330750941233974,
    "support": 31742
  },
  "accuracy": 0.7245203068669162
}