{
  "tell_number": {
    "precision": 0.9978094194961665,
    "recall": 0.9956284153005465,
    "f1-score": 0.9967177242888403,
    "support": 915,
    "confused_with": {
      "tell_time": 2,
      "order": 2
    }
  },
  "deny": {
    "precision": 0.5,
    "recall": 0.5,
    "f1-score": 0.5,
    "support": 2,
    "confused_with": {
      "order": 1
    }
  },
  "ask_opening_hours": {
    "precision": 0.75,
    "recall": 1.0,
    "f1-score": 0.8571428571428571,
    "support": 3,
    "confused_with": {}
  },
  "ask_cost": {
    "precision": 0.8333333333333334,
    "recall": 1.0,
    "f1-score": 0.9090909090909091,
    "support": 5,
    "confused_with": {}
  },
  "ask_allergies": {
    "precision": 0.7142857142857143,
    "recall": 1.0,
    "f1-score": 0.8333333333333333,
    "support": 5,
    "confused_with": {}
  },
  "ask_menu": {
    "precision": 0.4,
    "recall": 0.6666666666666666,
    "f1-score": 0.5,
    "support": 3,
    "confused_with": {
      "ask_address": 1
    }
  },
  "confirm": {
    "precision": 0.0,
    "recall": 0.0,
    "f1-score": 0.0,
    "support": 3,
    "confused_with": {
      "out_of_scope": 1,
      "order": 1,
      "deny": 1
    }
  },
  "tell_address": {
    "precision": 1.0,
    "recall": 0.9719626168224299,
    "f1-score": 0.985781990521327,
    "support": 107,
    "confused_with": {
      "order": 2,
      "tell_number": 1
    }
  },
  "ask_address": {
    "precision": 0.0,
    "recall": 0.0,
    "f1-score": 0.0,
    "support": 1,
    "confused_with": {
      "ask_opening_hours": 1
    }
  },
  "delivery": {
    "precision": 0.0,
    "recall": 0.0,
    "f1-score": 0.0,
    "support": 2,
    "confused_with": {
      "takeaway": 1,
      "change_order": 1
    }
  },
  "table": {
    "precision": 0.8571428571428571,
    "recall": 1.0,
    "f1-score": 0.923076923076923,
    "support": 6,
    "confused_with": {}
  },
  "tell_time": {
    "precision": 0.9976470588235294,
    "recall": 0.9988221436984688,
    "f1-score": 0.9982342554443792,
    "support": 849,
    "confused_with": {
      "tell_number": 1
    }
  },
  "ask_functions": {
    "precision": 0.6666666666666666,
    "recall": 0.5,
    "f1-score": 0.5714285714285715,
    "support": 4,
    "confused_with": {
      "ask_menu": 2
    }
  },
  "order": {
    "precision": 0.9988968560397132,
    "recall": 0.9996320147194112,
    "f1-score": 0.9992643001655325,
    "support": 5435,
    "confused_with": {
      "ask_menu": 1,
      "change_order": 1
    }
  },
  "takeaway": {
    "precision": 0.75,
    "recall": 0.75,
    "f1-score": 0.75,
    "support": 4,
    "confused_with": {
      "table": 1
    }
  },
  "bot_challenge": {
    "precision": 1.0,
    "recall": 0.6666666666666666,
    "f1-score": 0.8,
    "support": 3,
    "confused_with": {
      "out_of_scope": 1
    }
  },
  "ask_affluence": {
    "precision": 1.0,
    "recall": 0.9943820224719101,
    "f1-score": 0.9971830985915493,
    "support": 356,
    "confused_with": {
      "ask_allergies": 2
    }
  },
  "greet": {
    "precision": 1.0,
    "recall": 1.0,
    "f1-score": 1.0,
    "support": 2,
    "confused_with": {}
  },
  "out_of_scope": {
    "precision": 0.0,
    "recall": 0.0,
    "f1-score": 0.0,
    "support": 2,
    "confused_with": {
      "ask_cost": 1,
      "ask_functions": 1
    }
  },
  "change_order": {
    "precision": 0.8,
    "recall": 1.0,
    "f1-score": 0.888888888888889,
    "support": 8,
    "confused_with": {}
  },
  "nothing_else": {
    "precision": 1.0,
    "recall": 1.0,
    "f1-score": 1.0,
    "support": 2,
    "confused_with": {}
  },
  "accuracy": 0.9966308150835818,
  "macro avg": {
    "precision": 0.6793229478946659,
    "recall": 0.7163695498260048,
    "f1-score": 0.690959183427291,
    "support": 7717
  },
  "weighted avg": {
    "precision": 0.9962938970329959,
    "recall": 0.9966308150835818,
    "f1-score": 0.9963837974341643,
    "support": 7717
  },
  "micro avg": {
    "precision": 0.9966308150835818,
    "recall": 0.9966308150835818,
    "f1-score": 0.9966308150835818,
    "support": 7717
  }
}