{
  "amounts.1": {
    "precision": 1.0,
    "recall": 1.0,
    "f1-score": 1.0,
    "support": 3850,
    "confused_with": {}
  },
  "pizza_types.3": {
    "precision": 0.9915730337078652,
    "recall": 0.9953007518796992,
    "f1-score": 0.9934333958724202,
    "support": 1064,
    "confused_with": {
      "pizza_types.2": 3,
      "pizza_types.4": 2
    }
  },
  "other_item_types.3": {
    "precision": 0.9914337240757439,
    "recall": 0.9936737460460913,
    "f1-score": 0.992552471225457,
    "support": 2213,
    "confused_with": {
      "other_item_types.2": 14
    }
  },
  "pizza_sizes.1": {
    "precision": 1.0,
    "recall": 1.0,
    "f1-score": 1.0,
    "support": 1820,
    "confused_with": {}
  },
  "other_item_types.4": {
    "precision": 1.0,
    "recall": 0.9833770778652668,
    "f1-score": 0.9916188795765328,
    "support": 1143,
    "confused_with": {
      "other_item_types.3": 19
    }
  },
  "pizza_sizes.3": {
    "precision": 0.989517819706499,
    "recall": 0.996832101372756,
    "f1-score": 0.9931614939505523,
    "support": 947,
    "confused_with": {
      "pizza_sizes.2": 3
    }
  },
  "amounts.3": {
    "precision": 0.9994834710743802,
    "recall": 0.9984520123839009,
    "f1-score": 0.9989674754775427,
    "support": 1938,
    "confused_with": {
      "amounts.2": 3
    }
  },
  "pizza_types.2": {
    "precision": 0.9968434343434344,
    "recall": 0.9943324937027708,
    "f1-score": 0.9955863808322826,
    "support": 1588,
    "confused_with": {
      "pizza_types.1": 8,
      "pizza_types.4": 1
    }
  },
  "pizza_sizes.4": {
    "precision": 0.9951573849878934,
    "recall": 0.9762470308788599,
    "f1-score": 0.985611510791367,
    "support": 421,
    "confused_with": {
      "pizza_sizes.3": 10
    }
  },
  "allergies": {
    "precision": 1.0,
    "recall": 0.5,
    "f1-score": 0.6666666666666666,
    "support": 6,
    "confused_with": {}
  },
  "amounts": {
    "precision": 1.0,
    "recall": 0.9444444444444444,
    "f1-score": 0.9714285714285714,
    "support": 108,
    "confused_with": {
      "amounts.4": 3
    }
  },
  "other_item_types.2": {
    "precision": 0.9958333333333333,
    "recall": 1.0,
    "f1-score": 0.9979123173277662,
    "support": 3346,
    "confused_with": {}
  },
  "pizza_sizes.2": {
    "precision": 0.9978386167146974,
    "recall": 0.9985580389329488,
    "f1-score": 0.9981981981981982,
    "support": 1387,
    "confused_with": {
      "pizza_sizes.4": 2
    }
  },
  "pizza_types.4": {
    "precision": 0.9938650306748467,
    "recall": 0.9778672032193159,
    "f1-score": 0.9858012170385395,
    "support": 497,
    "confused_with": {
      "pizza_types.3": 9,
      "pizza_types.2": 2
    }
  },
  "address": {
    "precision": 1.0,
    "recall": 1.0,
    "f1-score": 1.0,
    "support": 507,
    "confused_with": {}
  },
  "other_item_types.1": {
    "precision": 1.0,
    "recall": 1.0,
    "f1-score": 1.0,
    "support": 3964,
    "confused_with": {}
  },
  "amounts.2": {
    "precision": 0.9989976612094889,
    "recall": 1.0,
    "f1-score": 0.9994985793080394,
    "support": 2990,
    "confused_with": {}
  },
  "pizza_types.1": {
    "precision": 0.9961922893860067,
    "recall": 1.0,
    "f1-score": 0.9980925131139724,
    "support": 2093,
    "confused_with": {}
  },
  "amounts.4": {
    "precision": 0.9919273461150353,
    "recall": 0.9989837398373984,
    "f1-score": 0.9954430379746836,
    "support": 984,
    "confused_with": {
      "amounts.3": 1
    }
  },
  "micro avg": {
    "precision": 0.9972460716021383,
    "recall": 0.9972137627162574,
    "f1-score": 0.997229916897507,
    "support": 30866
  },
  "macro avg": {
    "precision": 0.9967717444910117,
    "recall": 0.9662141389770238,
    "f1-score": 0.9770511951990837,
    "support": 30866
  },
  "weighted avg": {
    "precision": 0.9972526050186861,
    "recall": 0.9972137627162574,
    "f1-score": 0.9972074771316453,
    "support": 30866
  },
  "accuracy": 0.9984215364867912
}