{
  "config": [
    [
      0.9982012227993559
    ]
  ],
  "alternative_config": [
    [
      0.994863149764236
    ]
  ]
}