{
  "config": [
    [
      0.9990256141756468
    ]
  ],
  "alternative_config": [
    [
      0.9952763042350371
    ]
  ]
}