{
  "config": [
    [
      0.9988032551339043
    ]
  ],
  "alternative_config": [
    [
      0.9963837974341643
    ]
  ]
}